"spectral_EVI2b_endSnowfree","spectral_EVI2b_lateSummer","spectral_NDVI_startSnowfree","spectral_NDWI_endSnowfree","spectral_EVI2b_changeSSES","spectral_EVI2b_changeLSES","spectral_NDVI_changeSSES","spectral_NDWI_annualMedian","site_code","presence_absence"
-1.15693724635957,-1.1744010464323,-0.802477667211449,0.390891707987494,-0.0779433496955033,0.940079270024805,-0.993575338123687,0.495012864114441,"nonveg_715","absence"
-0.878897935096433,-0.944107409324223,-0.712302365012183,1.18282570333066,-0.082596043306252,0.945627723902203,-0.881971344913655,1.36206807145168,"nonveg_689","absence"
-1.15199152799588,-1.16239393252637,-1.1320402302041,0.511462403098362,-0.0478621706583304,0.879546414736153,-0.999440457464987,0.674973900035023,"nonveg_1416","absence"
-1.07055574208811,-1.09660092807714,-0.425011841733415,0.0925738503597781,0.221638457417746,0.836405362791954,-0.858779979552943,0.168655487246884,"nonveg_719","absence"
-0.116025267098397,0.0874914205339046,-0.198230133588202,-0.904736587711776,0.224763057129182,-1.24857696854146,0.333425016889299,-0.922394244337898,"USA.NorthSlope.16","presence"
1.05785231861334,1.01355761607508,1.18534968164104,-1.07175361937565,0.276652316864323,-1.06307984992986,0.315638826448933,-1.10510955605098,"Finland.Javrresduottar.A-Sphagnum","presence"
0.901714402893614,0.984865576915671,0.119224899178909,-0.690043910214571,0.282245132771325,-1.1743093105106,0.699653813126759,-0.687522153146832,"Canada.DeceptionBay.TH8","presence"
1.03113387930484,1.00477162627454,-0.216562812398391,-1.02653707757456,0.588747225441698,-1.11133542064418,3.5570052059302,-1.05564301693537,"Sweden.Abisko.KJ-MesicHeath","presence"
0.726237539927104,0.516967983488906,0.365121200694085,-0.814556635386999,0.198740774374535,0.324845392412553,0.941468762489487,-0.82373808972216,"Finland.Kilpisjarvi.18","presence"
2.4614053514477,2.13214507384842,1.86805481679694,-1.15242258509162,0.39098017207401,-0.791055442988919,0.938990595155862,-1.21399274274195,"Finland.Kevo.4","presence"
-0.799160814854682,-0.833368722321721,-0.462166676671758,0.0565909387347242,-0.0165367778206302,0.622010175393368,-0.578669553161476,0.0393295109154483,"nonveg_832","absence"
0.405822485763667,0.212578493291299,0.063408038628298,-0.877582619309248,0.180923688145979,0.0475198076490955,0.118934943681003,-0.892688017664559,"Russia.Tiksi.ShrubTundra","presence"
-1.19416948535791,-1.23679359759397,-1.02584237597178,0.525456475467811,-0.0339325457250066,1.09801714327901,-0.909946351491035,0.656687792463246,"nonveg_572","absence"
0.905228347560606,0.853811479914727,0.897878015408466,-0.856793062400387,0.246924032603345,-0.978629295977682,0.354570501682414,-0.869944406829563,"Russia.Kytalyk.T1","presence"
0.72459171754671,0.886103530104179,0.871726735350897,-0.928223218038911,0.418285118946899,-0.754729606778195,1.18209717368454,-0.948088432161502,"Russia.Kolyma.T2","presence"
1.08103814279082,1.46928969514462,0.709311819416879,-1.06379003848823,0.290678911447106,-1.3820970832073,0.191377101688679,-1.0963974615436,"USA.YukonKuskokwimDelta.B","presence"
-0.533587047366208,-0.658455154602394,-0.202167177341659,0.817488626118322,-0.09180169220464,0.955192478122993,-1.32562321339711,0.952173030506234,"nonveg_972","absence"
-1.46299984603959,-1.27399914622525,-3.8010655159262,2.69265501002153,0.118754837426298,0.139918881375672,2.70748065186386,3.01312371203856,"nonveg_1810","absence"
-0.757204258645278,-0.75657284926857,-0.300021499080913,1.09421307569484,-0.0690070460127203,0.674952877772277,-1.08001239134982,0.906178034339506,"nonveg_988","absence"
0.958450034895732,1.20586924287909,1.07588116039581,-0.896101301094085,0.160666324343829,-1.15065750674378,-0.162804567742259,-0.9222060239965,"USA.BrooksRange.6","presence"
-0.556033682106965,-0.694737082256058,-0.463941531745763,0.504322005268423,-0.0629676930952386,1.13930683337887,-1.18121015035672,0.626474588087681,"nonveg_624","absence"
1.1162914449941,0.983160732184909,1.16344793111865,-0.561472964830872,0.228016499846764,-0.618913708410315,0.634147893610535,-0.546866555756582,"Finland.Javrresduottar.EC-Salix","presence"
1.34642517447767,1.28478425218273,1.76581444771602,-0.613537133733754,0.118062391272503,-0.626739588023223,0.0830488804023801,-0.688915857925639,"Russia.Yamal.Nadym-1","presence"
-0.862434121887509,-0.923194703956378,-0.479946982206157,0.31485416841081,-0.0781692686143168,0.908012345114395,-1.0262636506939,0.381212106463958,"nonveg_816","absence"
-1.19057803654468,-1.20692972239441,-1.0011910236582,0.247195882431696,-0.0791189082329826,0.955314350720199,-1.27542264442194,0.337810767437639,"nonveg_955","absence"
0.310739358891844,0.436750226275414,0.198312686739405,-0.669368889279517,0.224763057129182,-1.24857696854146,0.333425016889299,-0.664903843761323,"USA.NorthSlope.16","presence"
0.931881315323785,0.739202897349551,0.999067557529172,-0.959147944273624,0.174876525656086,-0.325532673163818,0.115944532269646,-0.981919838080564,"Norway.Javrresduottar.EC-Sphagnum","presence"
1.07612655016074,1.0625206727168,0.665810479854916,-0.759131106489376,0.162316217825741,-0.732649815901201,0.434940481679608,-0.763102999465181,"Canada.DeceptionBay.BEGL2","presence"
-1.18536655577474,-1.21662875759987,-1.06426249066895,0.856643494274914,-5.7925671723519,1.0543193756999,-0.61111445207637,1.00454163471131,"nonveg_1241","absence"
-0.701713578777477,-0.788830572153943,-0.669165865071226,0.61196094099539,-0.0576258574265408,0.773024651247436,-0.800948250271796,0.736860856602426,"nonveg_936","absence"
1.18485539328129,0.85012923283915,0.776051842950172,-0.443695381585238,0.180923688145979,0.0475198076490955,0.118934943681003,-0.418018811181353,"Russia.Tiksi.ShrubTundra","presence"
1.74156623521674,1.67218976006786,0.873010384558184,-0.167668037429362,0.282245132771326,-1.1743093105106,0.69965381312676,-0.116047079757721,"Canada.DeceptionBay.TH8","presence"
1.57559939307209,1.82671198975486,0.742782407050437,-1.23026926956727,0.622815130237392,-1.8007649703193,2.08783623694495,-1.32331426359612,"USA.Kougaork.TallShrub","presence"
0.136023082545211,0.125298923240547,0.405549875708278,-1.04700401715827,0.16053626850991,-0.267696585037555,0.287000151727885,-1.07803368696821,"Finland.Javrresduottar.EC-Hummock","presence"
0.649721668902603,1.08803034947764,0.606828806636868,-0.792708785701683,0.635017263457563,-1.5260188505151,2.32147601233947,-0.946820489265979,"USA.BrooksRange.8","presence"
0.406597160024963,0.70205792438483,-0.105507830945426,-0.703227226405294,0.190140166824444,-1.6029942385138,0.651529347366933,-0.701944596793465,"Canada.DeceptionBay.TH6","presence"
1.59219995672274,1.2667838286928,1.86299653273532,-1.14503424314302,0.207898792407975,-0.0262716934248626,0.307670260248044,-1.18527797888064,"Finland.Kevo.6","presence"
-0.646773361212635,-0.749260095663023,-0.478477160616325,0.258196151226657,-0.0237444057098551,0.677498576406922,-1.03148824890934,0.349844974498894,"nonveg_899","absence"
-1.00513365816556,-1.01798619198473,-0.842834539477084,1.23291816927122,-0.0652522002767857,0.788157355551748,-0.167001797944684,1.31402716935536,"nonveg_1889","absence"
1.33773421335296,1.05853226279688,1.56983082128502,-1.37983566926749,0.207898792407975,-0.0262716934248626,0.307670260248044,-1.4421488820311,"Finland.Kevo.6","presence"
-1.24665288655016,-1.13442789511382,-1.41391278639235,2.35559517243501,0.0950148333712647,0.51621988942257,2.11577263847219,2.42444457424718,"nonveg_1646","absence"
1.10159000327652,1.12836862437151,0.94742130498546,-1.19146823972426,0.323577397040722,-0.992339905829521,0.853108566308341,-1.23607640389696,"Sweden.Abisko.NF-SeasonallyFlooded","presence"
1.36204549913333,1.33594630627802,1.57117921587408,-0.70737222446314,0.144325438346846,-0.905454129027928,-0.0578695454283974,-0.807679676705534,"Russia.Tazovsky.Burned28","presence"
-1.67831964823577,-1.59398726964985,-0.854589901957605,-0.126614101529675,0.221638457417746,0.836405362791954,-0.858779979552943,-0.0711343985764587,"nonveg_719","absence"
1.03782209010516,1.39850422525728,0.813893377367857,-1.08175754314562,0.422700930769585,-1.75716161430684,1.02463882550839,-1.11605376953492,"USA.Kougaork.GraminoidShrub","presence"
1.54762038437324,1.63563839451113,1.28627088254915,-0.936453939355215,0.121827614202536,-0.769223571457207,-0.449515747372702,-0.957092776185282,"USA.YukonKuskokwimDelta.72B2","presence"
-1.49912363535418,-1.45021142005993,-1.44315816798184,0.777799311228238,-9.64647343593217,0.516563640635605,-0.61173881929952,0.918286722031926,"nonveg_1477","absence"
0.21962402555538,0.179995245902232,0.334409485543236,-0.399002376924998,0.105462509859194,0.114209109520236,0.292008382493505,-0.369125017557212,"Canada.LeRoyLake.TD1","presence"
-1.41220176006953,-1.25724486830672,-1.0367390497829,2.79369622755372,-0.0606368776898344,0.591715997178237,-1.02616590025145,3.27446326872762,"nonveg_1290","absence"
-0.465764022363307,-0.453584020482933,-0.985226503032031,-0.0421932246841318,0.277239087083417,-0.00694867913700079,1.64950371275368,0.0212213730131626,"nonveg_671","absence"
-0.835669857993928,-0.904790894145966,-0.558548878019124,0.514945832296591,-0.0675383597362886,0.856795039367196,-0.840863557399295,0.63072709497233,"nonveg_535","absence"
2.43790030185015,1.99965951227507,1.77776091046355,-1.25527277881918,0.503029690109968,-0.234291179729557,0.638314949711385,-1.30587806504072,"Finland.Kevo.11","presence"
0.0220205525515908,-0.197173376052006,0.104676645646573,0.254253686091923,-0.0684654885777169,0.875176086966438,-0.858288546066343,0.289251265183664,"nonveg_701","absence"
1.56197474817542,1.48734572352771,1.21598933476138,-0.468447711932933,0.103068639090286,-0.40625735949584,-0.408850032326895,-0.445097664817109,"USA.YukonKuskokwimDelta.U","presence"
0.553244982643676,1.01020394241746,0.321142628502218,-0.971192356621526,0.352507626079875,-2.10090182399647,0.992574430824946,-0.995096329930669,"Russia.Kolyma.OW1","presence"
1.64409137012223,1.38109665932436,0.912491766866693,-0.769663803351213,0.210045110392427,-0.558130712308747,0.769859895783268,-0.774625686529594,"Russia.Yamal.VaskinyDachi-2","presence"
0.489916166389667,0.508768532099225,0.553717826852869,-0.630907833420281,0.0993224097234522,-0.102043092567961,-0.195230543930836,-0.611698537466953,"USA.YukonKuskokwimDelta.4","absence"
-1.05598726968383,-1.1819307918967,-1.37953798273437,0.307056582157074,0.118265781736899,2.77302366723657,-0.277248336626747,0.403297899502696,"nonveg_897","absence"
1.61434017906174,1.37906681478994,1.6915341001343,-1.2319221817935,0.273254350959591,-0.601137344107821,0.349560572108051,-1.28033269657303,"Finland.Kevo.7","presence"
-1.14240449486345,-1.15827695922254,-1.15715354819004,0.968788824566963,-9.64647343593217,0.516563640635605,-0.61173881929952,1.12722773910045,"nonveg_1477","absence"
-0.643139639284842,-0.752978493075874,-0.150124878018588,0.274715860611754,-0.0946765987555642,0.940594652947207,-1.13407051450657,0.367917405912848,"nonveg_986","absence"
1.21596119638452,1.0940104503772,0.955830074492693,-0.645861085991731,0.141564967496294,-0.443858254831765,0.298016684437953,-0.639186492886222,"Canada.PayneLake.TDA2","presence"
1.69315675552594,1.6477000921904,1.42074006339626,-0.822260848044157,0.153748462585897,-0.48301716647968,-0.265793306319725,-0.832166437436958,"USA.YukonKuskokwimDelta.72B3","presence"
0.853715004475373,0.72537752194376,0.82785655803384,-0.740954008285869,0.288003986517649,-0.274309862418334,0.657680598840417,-0.74321739779207,"Canada.ChukotkaRiver.TH1","presence"
-0.63451869234845,-0.607669002741712,-0.641716255341867,0.824058003242584,0.0399526378159739,0.248520057484934,-0.5830992140564,0.962720629047902,"nonveg_923","absence"
-0.891707755504235,-0.895914755073599,-0.57899403524483,0.666931379711372,-0.00794100146919238,0.594888055492425,-0.531749247830864,0.76870849395694,"nonveg_946","absence"
2.08291009291459,1.95590968748863,1.88548697109654,-0.816953081437402,0.468181548374331,-1.01705761454835,1.1563007897398,-0.914229317295072,"Finland.Kilpisjarvi.15","presence"
-0.190974356599036,-0.0228503778004615,-0.183955337543737,-1.00807307855384,0.135012512682069,-0.115491880774523,-0.0744886063138729,-1.03544354803732,"USA.YukonKuskokwimDelta.1","presence"
0.35889957897571,0.534158595976078,0.453540861897934,-0.319726405098078,0.287214124655717,-1.46202398045024,0.641535847399154,-0.301873345060231,"USA.NorthSlope.FranklinBluffs-C15","presence"
1.2275549872915,1.40625374969893,1.30219445028598,-0.769098132702701,0.281933064445398,-1.49380113680097,0.606239729131848,-0.774006847313976,"USA.NorthSlope.HappyValley-C19","presence"
-0.895328553266791,-1.00063969178467,-0.814437507359102,0.406207540205359,-0.0147761043703186,1.39632813709425,-0.745027214314259,0.511768263428832,"nonveg_984","absence"
-0.435280979629957,-0.515444755259249,-0.511545905809831,0.251297861241668,0.0115733716141165,0.505626346001322,-0.246474346418025,0.342298299813457,"Canada.Ivujivik.TP10","presence"
-1.22143933082607,-1.29530635836316,-1.15832319615373,1.06516748501675,-0.0986799834422829,1.20357724326714,-0.931420907255805,1.19210761939056,"nonveg_536","absence"
-0.260521290619776,-0.305441714999559,-0.498726645490394,-0.00712568140510458,0.0448350654219887,0.293319058166078,-0.198960811878068,0.0595849880134252,"Canada.Ivujivik.TP12","presence"
-0.28944533349952,-0.446168993100071,-0.418402344987169,0.115395068394695,0.060881267550022,0.372633702081464,-0.430828295156687,0.193621719285506,"USA.NorthSlope.HoweIsland-C13","presence"
-1.20507203220575,-1.20785326425146,-0.994969992290916,0.604538062800207,-0.0680424334288486,0.885774962555959,-0.853038323225966,0.728740286563972,"nonveg_1499","absence"
-0.365728241079154,-0.314530013254018,0.477821377135857,-0.833439055296218,0.373217822678167,0.126264950484041,0.746939683745519,-0.991563497599888,"Canada.ChukotkaRiver.TH5","presence"
0.691284083956702,1.12317340786543,0.489567811694916,-0.83909494019825,0.352507626079875,-2.10090182399647,0.992574430824946,-0.85058280111376,"Russia.Kolyma.OW1","presence"
-0.514483540788794,-0.624106906078097,-0.442157644787652,0.546352293945365,-0.0110915252469512,0.716680359100633,-0.824974438835898,0.640109072677949,"nonveg_866","absence"
0.632512770830281,0.190587186626839,0.653083067830838,-0.818338199667366,0.224687012135441,1.40281743249328,0.615690453286471,-0.827875091136727,"Canada.ChukotkaRiver.TH4","presence"
-0.768064349124615,-0.826099607791151,-0.753672656417481,0.571046013847666,0.00256325404088903,0.634246378027809,-0.813445946674433,0.6921002498964,"nonveg_677","absence"
0.37134418069936,0.517058352954925,0.48140115538985,-1.04932852209723,0.203952357871005,-1.05608670440883,0.407156025794592,-1.08057667698707,"USA.NorthSlope.Sagwon-C18","presence"
1.20677677989587,1.1295491174392,1.1409831062116,-1.01004729720065,0.183054646871104,-0.698519796868548,0.0749934202703431,-1.03760332762295,"Sweden.Abisko.NF-DryHeath","presence"
-0.70062984343391,-0.785976572659508,-0.707899454467149,0.91948263865801,0.0231394943214409,0.718778847131905,-0.565898496691269,1.05201234656996,"nonveg_582","absence"
-1.10548594725156,-1.07086814013921,-0.769706574335715,0.54012199546211,-0.00794100146919236,0.594888055492425,-0.531749247830864,0.629980030515687,"nonveg_946","absence"
-0.587618193452122,-0.695456342912501,-0.597869987930965,0.643765677633979,-0.0576258574265408,0.773024651247436,-0.800948250271796,0.771654986943381,"nonveg_936","absence"
-1.26998854303353,-1.26417104709151,-1.09624225781635,0.889319205552755,-0.0825960433062521,0.945627723902203,-0.881971344913655,1.04097428420708,"nonveg_689","absence"
1.9938132753693,1.66730467078928,1.11861959385057,-0.69338679088252,0.210045110392427,-0.558130712308745,0.769859895783267,-0.691179238158935,"Russia.Yamal.VaskinyDachi-2","presence"
1.48851127667187,1.10392182305887,0.947693051679903,-1.10790346198112,0.154425069656521,0.216406939803148,-0.167642915793252,-1.14465719795454,"Finland.Kevo.1","presence"
-1.83851095532697,-1.71427270931886,-2.11886419610498,3.15999475079526,-0.105872733700779,0.932680469549588,0.479024808974652,4.01526871517417,"nonveg_1994","absence"
0.878739646750166,0.674341722530703,0.88139542277135,-0.862937854706508,0.180287457737784,-0.197053264547986,0.400822201345881,-0.876666761013684,"Finland.Javrresduottar.A-Salix","presence"
0.993154249115238,0.705983709410661,0.555222725191142,-1.30464997574572,0.204968165142344,-0.0520141301991827,8.95992305237747e-05,-1.35989632795721,"Russia.Tiksi.Bog","presence"
-0.510698009265393,-0.658816572249889,-0.35012829665551,0.818613526383946,-0.0847591590766552,1.01245491924221,-0.592973669485587,0.929024304377483,"nonveg_874","absence"
-0.553932374544481,-0.588330077698654,-1.28436867246697,0.221901785529165,1.10799665654794,0.133202718933187,-0.276396577048371,0.405193010878047,"nonveg_862","absence"
0.861135477325514,0.823882906869076,0.811560941354678,-0.559007967993135,0.0882122816004294,-0.170023014602861,-0.355154919025641,-0.544169868711603,"USA.YukonKuskokwimDelta.15B3","presence"
0.657514801946139,0.493294090203341,0.698654064112344,-0.977067988699749,0.180287457737784,-0.197053264547986,0.40082220134588,-1.00152422495424,"Finland.Javrresduottar.A-Salix","presence"
1.63776254314148,1.37591722687277,0.840889912295658,-0.838611222182494,0.210045110392427,-0.558130712308747,0.769859895783267,-0.850053617430218,"Russia.Yamal.VaskinyDachi-2","presence"
0.00347384638714075,-0.155809353354531,-0.654451649187828,0.112978885733591,0.124319572932055,0.263965885216419,-0.307069879320163,0.190978434563694,"nonveg_706","absence"
-0.279136713515798,-0.0586327763353829,0.289623684971289,-0.284299232930341,0.0882511097393312,-0.24424944706658,0.0412345752665213,-0.436100890230277,"Canada.KluaneLake.Gladstone-MixedTundra","presence"
0.617733071957015,0.483920338276116,0.439061728470757,-0.955201575133864,0.151912968063991,-0.213378984525169,-0.168439433879174,-0.977602541453252,"Canada.ChukotkaRiver.TPO2","presence"
0.283879876502152,0.0230331524199828,0.133196534693702,0.478898657741138,0.0608812675500219,0.372633702081464,-0.430828295156687,0.591291771103499,"USA.NorthSlope.HoweIsland-C13","presence"
0.705240452017675,0.694311068235266,0.300622604919338,-0.633618277843889,0.252212085312974,-0.297824163955324,0.885729686262323,-0.625792957600082,"USA.Kougaork.LowShrub","presence"
-0.126882613236313,-0.421563219334218,-0.565374310428154,0.83989874728341,0.118265781736899,2.77302366723657,-0.277248336626748,0.986223013935752,"nonveg_897","absence"
0.682218471046853,0.771473964676661,0.761295677653989,-0.895304978089083,0.203952357871005,-1.05608670440883,0.407156025794593,-0.912076138004678,"USA.NorthSlope.Sagwon-C18","presence"
0.820850578816723,1.22920899868771,0.599583895347366,-0.767248170633142,0.352507626079875,-2.10090182399647,0.992574430824946,-0.771983003441111,"Russia.Kolyma.OW1","presence"
1.69288406287272,1.34371762904406,1.34285899814531,-0.919595949304305,0.237885038732031,0.0568109356857709,0.55944009247861,-0.938650268398368,"Finland.Kevo.5","presence"
-1.23117085110945,-1.21936857316994,-0.780516223830558,2.91666300018981,-0.0724272197746874,0.912793116659621,0.562398003989527,2.21280608548343,"nonveg_1736","absence"
-0.565877030508994,-0.698274965790763,-0.434830190083358,0.492433809102697,-0.0807454598013366,0.999767814738774,-1.2135787913226,0.594645705054528,"nonveg_602","absence"
0.466199526095949,0.345421197312962,0.52451950019744,-0.810259733071049,0.150436895764726,-0.133428414644465,0.0474233097148631,-0.836200777128938,"Russia.Yamal.VaskinyDachi-3","presence"
0.583255790622911,0.422896714157982,0.878140216567849,0.255310080424972,0.0990112300427942,-0.0914166794400982,-0.197694111194129,0.331061285059777,"Canada.BanksIsland.GreenCabin-C00","presence"
-1.13144608254682,-1.15979229050912,-0.937899130915132,0.777186843354064,-0.0882625602306219,0.976839288522566,-1.27961907105836,0.909742348901421,"nonveg_995","absence"
0.414153156576255,0.352917079903563,0.663677133379854,-0.858295401963698,0.16053626850991,-0.267696585037555,0.287000151727885,-0.871587954429916,"Finland.Javrresduottar.EC-Hummock","presence"
-0.782505252275774,-0.834777235820711,-0.466350821212341,0.112340689858058,-0.0144954010571232,0.721186065310964,-0.612584046269069,0.190280253323313,"nonveg_957","absence"
-1.20621753080463,-0.804088363172352,-0.380388620492632,1.86051283200921,-0.110199448997067,-0.446935071706739,-0.304131050402501,1.01498392050202,"nonveg_591","absence"
-1.3122149698689,-1.24934730203111,-1.30163889576664,0.630966474729295,-0.0680950375633531,0.479958969370219,-0.516273322856876,0.757652760193748,"nonveg_1213","absence"
-0.922207051974906,-0.89334709630395,-0.951191297744827,0.249092953488714,0.0241051197615778,0.471719443826816,-0.662397441996074,0.339886148170202,"nonveg_861","absence"
1.31165208733514,1.03195421633238,0.45976395385472,-0.882471590801032,0.276551516863297,-0.710845902444959,0.482128256338024,-0.898036513810003,"Russia.Tiksi.GraminoidTundra","presence"
1.08952727403251,0.968966214002825,0.540687369078873,-0.814755989197128,0.196421324943101,-0.211860458307474,0.415801485199114,-0.823956181213764,"Canada.BonifaceRiver.LSA6","presence"
-0.6642777381928,-0.770277647529242,-0.189659287147515,0.225296540136423,-0.0946765987555642,0.940594652947207,-1.13407051450657,0.313853060167131,"nonveg_986","absence"
-0.426232338553995,-0.666547271892252,-0.766161135175014,0.740091658536676,0.118265781736899,2.77302366723657,-0.277248336626748,0.87703484821481,"nonveg_897","absence"
-0.360344368287578,-1.07102073943595,0.0227059528162293,4.47484567834539,-0.0174192670758702,3.09561549891028,-0.411470044415346,1.67468894161191,"nonveg_991","absence"
0.0640857174056568,-0.0814412172831373,-0.108388946970781,0.162163611596032,0.135498314142354,0.0687605474216787,0.253691738548339,0.244786135658303,"Canada.PrincePatrickIsland.MouldBay-C03","presence"
1.10116431006798,1.23160725744215,1.20899263546683,-0.846746068996416,0.256412137777118,-1.23650177164892,0.408094782208605,-0.858953075506657,"USA.NorthSlope.HappyValley-C18","presence"
-1.44681038687424,-1.47776470893457,-2.77050023463741,0.263874276730103,0.204937925043652,2.68319270850596,2.75597095056106,0.428853414355762,"nonveg_1888","absence"
-1.40774222386226,-1.37681412228983,-0.881228253893972,0.600792842690375,-0.0858425246450142,0.947015300707232,-1.1977420380346,0.520902108385466,"nonveg_682","absence"
-0.213010737258396,-0.276722230030797,-0.594807921001478,0.486790929046588,0.102437956980301,-0.0435240900087736,0.258439927903896,0.599925853492184,"nonveg_804","absence"
-1.36239142841013,-1.302409947696,-1.96079132096736,4.49031780381214,-0.0293088105712734,0.716585621596324,0.449192248157808,3.94497198103898,"nonveg_1695","absence"
0.137068011695694,-0.0297550133587298,0.195359984160275,0.618162436040016,0.0316550967445877,0.518528272107403,-0.454761405476753,0.64446476606835,"nonveg_807","absence"
0.447152957340135,0.438806889550532,0.500370700616415,-1.15988008726503,0.22578003982822,-0.583072618793469,0.671056539812459,-1.20151921493528,"Finland.Javrresduottar.EC-Sphagnum","presence"
-0.727470133139696,-0.833345603465139,-0.621728416897412,0.48414913460988,-0.0663271362127928,1.06422505356407,-1.13913299732311,0.597035751272212,"nonveg_809","absence"
-1.35492152226206,-1.18554920452378,-3.65145110949089,2.82741225037696,0.118754837426298,0.139918881375672,2.70748065186386,3.16054706720087,"nonveg_1810","absence"
-0.738255776976681,-0.82465081343616,-0.133488838535282,0.272689363455155,0.221638457417746,0.836405362791954,-0.858779979552943,0.365700434050966,"nonveg_719","absence"
0.753900445532696,0.752312391163254,0.806844583050279,-1.13009248574108,0.254246455650616,-0.996132298100711,0.646398867810285,-1.16893181445634,"Finland.Javrresduottar.EC-Spring","presence"
1.34245475241594,1.79056530064312,1.33688892176158,-0.881202789856189,0.295646867181319,-1.8515746976605,0.815904029422554,-0.956548513559379,"Canada.ClearwaterLake.AB2","presence"
-1.19467095302931,-1.24771746025676,-0.0925387522508077,-0.177300522074464,-0.0128580380857534,1.20307679031885,-1.07685400486996,-0.126584941776748,"nonveg_730","absence"
-0.773337537361796,-0.86672075833389,-0.553074582482075,1.03178047124105,-0.0882625602306219,0.976839288522566,-1.27961907105836,1.1882657642448,"nonveg_995","absence"
-0.667767509199824,-0.767381722322142,-0.39845182631532,0.615323569216758,-0.0675383597362886,0.856795039367195,-0.840863557399294,0.740539545281787,"nonveg_535","absence"
1.86952462088749,1.56558839819332,1.07369911678766,-0.692863554239529,0.210045110392427,-0.558130712308747,0.769859895783267,-0.690606821409748,"Russia.Yamal.VaskinyDachi-2","presence"
-1.70499415325932,-1.67829457249322,-2.14536988373505,1.31670825131424,-0.0429339238936933,1.12325800786367,-0.505353743620278,1.50784884028912,"nonveg_1677","absence"
-0.0357101135183668,-0.100962698055899,-0.0165235738271878,0.076989161168939,0.130188528005996,-0.0876063205461927,0.00188331508922196,0.145421085143967,"Canada.BanksIsland.GreenCabin-C08","presence"
1.42877806090364,1.39055939604358,1.65211365102729,-0.643794574549654,0.144325438346846,-0.905454129027928,-0.0578695454283974,-0.738126230531812,"Russia.Tazovsky.Burned28","presence"
-1.32575510674374,-1.24166597523252,-0.865430908950781,0.917932281942101,-0.0878138923199797,0.71811111481028,-0.96105356900467,0.657120195332388,"nonveg_931","absence"
-0.312821910001201,-0.406294674653782,-0.194289018982851,0.629432835904184,-0.0325472248497927,0.584188098378358,-0.94757655805476,0.726808857493449,"nonveg_849","absence"
1.30980735017849,1.62411216158145,1.3325909649918,-0.620789533579855,0.3373482731256,-2.15440431113967,0.620339025331026,-0.650625915190371,"USA.NorthSlope.Ivotuk3","presence"
-1.38389173538342,-1.3216810250135,-0.759751747311436,0.733922158660638,-0.0490324642599347,0.822892341649533,-0.795945896830154,0.461729825491709,"nonveg_919","absence"
-1.15542189173576,-1.16668152805417,-1.0259488001644,0.467375210612723,-0.0319443392370755,0.7961319262866,-0.887127972524081,0.555903231299011,"nonveg_997","absence"
-0.0762838072102474,-0.274163279515084,-0.179099414581547,-0.971387803157466,0.0969981809103188,0.777737445348532,-0.159882743789177,-0.995310146895214,"USA.NorthSlope.Atqasuk","presence"
0.972306250390975,0.97861002715498,1.44359423755698,-0.814286076754092,0.118062391272503,-0.626739588023223,0.0830488804023801,-0.908533613879131,"Russia.Yamal.Nadym-1","presence"
0.666629529641919,0.622872015558142,0.240606536993375,-0.983766122555173,0.1964213249431,-0.211860458307474,0.415801485199115,-1.00885193041696,"Canada.BonifaceRiver.LSA6","presence"
-1.03963331675524,-0.932960955766086,-0.858458399676138,-0.256929112932605,0.139423329265173,-0.0591481717000998,0.141566278392609,-0.23035270366197,"Canada.BanksIsland.GreenCabin-C07","absence"
1.46327348021173,1.43451648696784,1.30103085924633,-0.9308949071883,0.185167624510105,-0.71492154036062,0.297271657955027,-0.951011238960712,"Canada.BonifaceRiver.AB2","presence"
-0.075354232070042,-0.0896347571031567,0.0867493417770487,0.130686981154647,0.145193854050993,-0.0561738746959334,-0.161553752211446,0.163500281733589,"nonveg_632","absence"
-0.761928316461966,-0.763899303795764,-0.31847093907281,0.154938271835559,-0.00273575047262758,0.447403422226744,-0.168598627269982,0.219932790415753,"nonveg_648","absence"
-1.14335841151631,-1.16263005553469,-0.791437261311252,0.374537868509974,-0.101034391357874,0.95101386220799,-1.20264972940224,0.4484352799172,"nonveg_871","absence"
-0.634815002823053,-0.764199228766993,-0.544895975708846,0.534355660457629,-0.058006890771899,1.0653145828395,-1.1783416330717,0.651961293469395,"nonveg_1261","absence"
0.194681682100031,0.110495308856805,0.311402769124388,0.0665323277202989,0.109061545188506,-0.075636485961065,-0.453596515808854,0.140166267440057,"nonveg_898","absence"
-0.26861955816988,-0.336505671504485,-0.57977072185692,0.40652724680785,0.0849274085317197,0.144085098518089,-0.469709543892143,0.512118019923418,"nonveg_880","absence"
-0.683833509852775,-0.608470481841666,-0.369976519689687,-0.350681072189515,0.109061545188506,-0.075636485961065,-0.453596515808854,-0.316261892346752,"nonveg_898","absence"
0.720164334820468,0.766170930312509,0.797947573582058,-0.72025677756605,0.330381410880447,-0.797628835319295,0.751519879583962,-0.759012975242794,"Canada.ChukotkaRiver.TPO3","presence"
1.06602055113362,1.20284604686571,1.19068324012255,-0.868829752378982,0.256412137777118,-1.23650177164892,0.408094782208605,-0.883112450468722,"USA.NorthSlope.HappyValley-C18","presence"
-0.507262581780589,0.286343409328701,-0.109451601934447,-0.842456071359575,0.292158836985823,-1.6317280993424,0.85196806982158,-0.959669135165824,"USA.InteriorAlaska.23","presence"
-0.405843168739675,-0.56337121132148,-0.391009854171363,0.55573685858108,-0.07050394526833,0.919367209162516,-1.15120136377697,0.685472258774209,"nonveg_583","absence"
0.643509441043275,0.66459201566746,0.643391143758335,-1.24642551602884,0.201961767983681,-0.396553737844237,0.293128270365183,-1.29619922952053,"Canada.LeRoyLake.TDA3","presence"
-0.999382233417291,-1.04812043670207,-0.902979605474474,0.491245909741903,0.235882172251814,0.639779000107269,-0.40037640090786,0.614307652265629,"nonveg_785","absence"
1.32348240110763,1.35519675138778,0.453389099154116,-1.09158706883323,0.27184095912058,-0.452145819989022,0.681695361651321,-1.12680719289607,"USA.YukonKuskokwimDelta.15B2","presence"
-0.845662721139947,-0.918720837675498,-0.337939771428127,0.121685493325436,-0.0946765987555642,0.940594652947207,-1.13407051450657,0.200503394409161,"nonveg_986","absence"
-1.49418534758352,-1.38897484365846,-1.06009471804498,0.367896407192249,-0.00794100146919236,0.594888055492425,-0.531749247830864,0.4415665990698,"nonveg_946","absence"
1.16591407364716,1.16136763843243,1.22287160807682,-0.570565899454244,0.17951955259356,-1.00773409315099,0.136736146998438,-0.556814154319103,"USA.NorthSlope.12","presence"
0.825885089113965,0.652456918126814,0.903267474082128,-1.02061816062312,0.174876525656086,-0.325532673163818,0.115944532269646,-1.04916776860284,"Norway.Javrresduottar.EC-Sphagnum","presence"
1.86356214531974,1.88476828038213,1.49319481281206,-0.996486025421741,0.371591913832311,-1.96746574064642,0.644865113472541,-1.02276740355207,"Norway.Javrresduottar.A-Betula","presence"
0.625962277616188,1.20875457675594,0.248397305630422,-0.977745670937053,0.168241249684209,-2.91865685455525,1.11172452081466,-1.00226560396211,"Canada.DeceptionBay.BEGL1","presence"
-0.885009951170417,-0.937433604277938,-0.508557618284286,0.392934265128773,-0.0711012469606944,0.897963592992438,-0.935497587553714,0.497247405472544,"nonveg_968","absence"
0.0974627586525785,0.900428709911174,0.462332451818201,-0.45448289562787,0.486713433051286,-2.22286244797533,1.40682955111254,-0.835625480748098,"Canada.KluaneLake.Outpost-MixedTundra","presence"
-0.426952068653755,-0.418978903575414,-0.483146626394091,0.17571689866306,0.0742035692330515,0.101706752543916,-0.515888464812975,0.216725206443368,"nonveg_507","absence"
-0.413130350668602,-0.531169624860934,-0.292374523283787,0.518511157220574,-0.0399062956521824,0.731908935210109,-1.06805622844657,0.622887772735556,"nonveg_926","absence"
-0.515343399514351,-0.562097307186601,-0.110234325074707,0.312823626258999,-0.00273575047262761,0.447403422226744,-0.168598627269982,0.392658119449663,"nonveg_648","absence"
0.217492141764878,0.34534023663359,0.21060196158693,-0.949840125140078,0.0982557997843817,-0.357267599276922,-0.0791909875940993,-0.97173715756342,"USA.YukonKuskokwimDelta.15B7","presence"
0.836564136463407,1.02866473493268,1.08884858485029,-0.863398728803113,0.367919073822285,-1.08153550063676,1.18177321037409,-0.945237700608657,"Russia.Kolyma.T1","presence"
-0.755105578037464,-0.663950848658267,-0.848233280713992,0.191659484637797,-2.39043817810636,0.463454311585228,0.699169125413864,0.801648700001455,"nonveg_1353","absence"
-1.10208747899676,-1.11320646224025,-1.08291887948795,0.63284961853492,-0.0608202233632026,0.590048323346855,-1.14498931222177,0.759712904623436,"nonveg_1234","absence"
-0.900633196150403,-0.930135825992269,-0.744260906932706,0.209687730474372,-0.0399062956521824,0.731908935210109,-1.06805622844657,0.28503738634026,"nonveg_926","absence"
-1.51184569263515,-1.28325744668714,-1.56954041664966,-0.275929982808055,-2.39043817810636,0.463454311585228,0.699169125413865,0.290109520751369,"nonveg_1353","absence"
-0.427947801222547,-0.559517671793751,-0.539212238318611,0.0364625855167199,0.060881267550022,0.372633702081464,-0.430828295156687,0.107270207289041,"USA.NorthSlope.HoweIsland-C13","presence"
-1.01359800979016,-1.05425145164361,-0.604905826644695,0.739336881143098,-0.0858425246450142,0.947015300707232,-1.1977420380346,0.672468190716663,"nonveg_682","absence"
-0.760787825095887,-0.852703508469176,-0.462445199155299,0.277537746753749,-0.0595998328436773,0.948354866795499,-0.924067993351364,0.377540181434867,"nonveg_576","absence"
1.49708303413615,1.11093684162592,0.925738623038177,-1.1364506753977,0.154425069656521,0.216406939803148,-0.167642915793252,-1.17588762365416,"Finland.Kevo.1","presence"
0.0451343491502042,-0.123605313276926,0.294350918776247,-0.247193389048133,0.113453973379879,0.352186353961897,0.0689881225046255,-0.203047185467654,"Canada.PrincePatrickIsland.MouldBay-C05","presence"
-1.07014584582115,-0.989976751566162,-1.30830816174779,2.41264084691627,0.0950148333712647,0.51621988942257,2.11577263847219,2.48685209095903,"nonveg_1646","absence"
-0.223491028755149,-0.117423101967979,0.253292635593044,0.0891871223196259,0.131011387282185,-0.368295368722838,1.2536000223298,-0.065047251242475,"nonveg_856","absence"
-0.578220948355726,-0.692586123735293,-0.63345313318628,1.07033335396109,-0.0298199339577147,0.856566018425977,-0.874761234976301,1.15868719346075,"nonveg_848","absence"
1.64703374016848,1.32266908781365,0.635109566612151,-0.587763283535193,0.357472167304993,-0.738801781369093,1.01880523176677,-0.575627956490633,"Russia.Tiksi.FloodMeadow","presence"
-1.06617199484819,-1.06030193563245,-0.83383161910982,0.603301885541731,-0.0461877582475583,0.836483342481597,-0.5745625348483,0.689019579310719,"nonveg_794","absence"
-0.211998065523803,-0.399280125656069,-0.206278228072116,0.788170164805159,-0.0395215296191736,0.88036027268221,-1.04286907305491,0.92963235382265,"nonveg_916","absence"
0.659746953026456,0.394560296760222,0.370604601057497,-0.450846538562783,0.224764998576779,0.190348480625613,1.11380176015754,-0.425842120356737,"Russia.Yamal.OstrovBelyy-2","presence"
0.527649192977294,0.400631792460313,0.19830505288695,-0.374571498373119,0.0768893266455682,-0.0817134037652048,0.119254776245222,-0.342397829643737,"Canada.Ivujivik.TP13","presence"
1.23695999966475,1.18076736805193,0.89529406208372,-0.836933256692619,0.144113403608697,-0.203326952275589,-0.385067906464959,-0.848217936455218,"USA.YukonKuskokwimDelta.15B1","presence"
-0.418874603285187,-0.299544433384318,0.609516837784619,0.423589218936426,-0.0131537387507636,0.134443774300878,-0.668458748173348,0.112741961531037,"nonveg_1132","absence"
1.74340446017719,1.67806254503336,1.58090943633236,-1.02937573401267,0.468181548374331,-1.01705761454835,1.1563007897398,-1.14661801917502,"Finland.Kilpisjarvi.15","presence"
0.564061112804012,0.643452755131697,0.285884938825934,-0.963385248244047,0.162316217825741,-0.732649815901201,0.434940481679609,-0.986555415111637,"Canada.DeceptionBay.BEGL2","presence"
0.0510131369022875,-0.101835420631391,0.16746645792247,-0.411687719239434,0.062801216278764,0.250800328972242,-0.381227849768468,-0.383002681721631,"Russia.Tiksi.LichenTundra","presence"
-1.84772217375534,-1.72021197229889,-1.33132904215763,0.0844800041543133,-0.0758831126415229,0.882032423219439,-1.17716564165221,0.141899800004357,"nonveg_695","absence"
0.776948659689004,0.723514562394813,-0.335414252685966,-0.540903460848309,0.500332455304757,-1.31572755855924,2.50678854310528,-0.524363681082571,"Russia.Yamal.Kharasavey-2b","presence"
1.22930198837829,1.12210003636827,1.19708492524172,-0.477262406535648,0.0509694531869352,-0.156325130110412,-0.612112696432147,-0.454740870997614,"USA.YukonKuskokwimDelta.15B5","presence"
-1.32415319162752,-1.28161496738121,-1.0914409157915,0.239715971679613,-0.183708859177353,0.724707471495287,-0.913705648733547,0.402624458922338,"nonveg_1037","absence"
0.219900537463217,0.488969535837334,0.329029817368274,-0.773837826970674,0.241869978036623,-1.34453102684254,0.380362765793518,-0.789999706902719,"USA.NorthSlope.Sagwon-C15","presence"
-0.724812243821685,-0.804513745604416,-0.364772478022751,0.941522638515836,-0.0868247143169082,0.80549473343254,-1.34354201647899,1.09658320537074,"nonveg_870","absence"
0.938795277496811,0.981453198062635,0.962091915762442,-0.782811934248177,0.203952357871005,-1.05608670440883,0.407156025794593,-0.789009637743132,"USA.NorthSlope.Sagwon-C18","presence"
-0.265102160248926,-0.403003665362299,-0.0631882507160634,-0.466059212269172,-0.00913433805022666,0.627837448594233,-0.501475378890386,-0.442484665075447,"Finland.Kevo.3","presence"
-0.278610204506746,-0.460928295421721,-0.418435823128145,0.511670438706886,0.0184636328378827,0.980014158476466,-0.470015812105105,0.627143840290074,"nonveg_725","absence"
-0.977655171520203,-1.05338054575488,-0.834546250044955,0.871583037778273,-0.0449071836270704,1.04934877041313,-0.871180252518496,0.856791372489661,"nonveg_670","absence"
2.3312031422997,1.99230404355024,1.89685785815152,-1.12738940801767,0.472594912904747,-0.304773417438745,0.96985349586027,-1.2187835719368,"Finland.Kevo.14","presence"
-1.55272046869248,-1.37901653349544,-4.77193655446863,3.86671320634522,0.844387531215577,0.384176639594977,6.91011221709166,4.19311305037984,"nonveg_1797","absence"
-0.674177025494006,-0.789731194029497,-0.580812886324686,0.517985094914078,-0.0663271362127928,1.06422505356407,-1.13913299732311,0.634052024238524,"nonveg_809","absence"
-0.964030408666536,-1.00523184404233,-0.507953869133626,0.238216699353636,-0.0362110780110284,0.763989011640047,-0.782033129193477,0.287473165563537,"nonveg_867","absence"
1.43158339641388,1.446368669198,1.01022939809258,-1.15528821449677,0.270583848260538,-1.2653027657912,1.0249696456583,-1.19649574244363,"Finland.Kilpisjarvi.16","presence"
0.790628994750315,0.76618128775266,0.847606683602623,-0.49656950178356,0.0882122816004294,-0.170023014602861,-0.355154919025641,-0.475862680500228,"USA.YukonKuskokwimDelta.15B3","presence"
-1.67694450791208,-1.47390700548753,-1.28405506934812,2.61827484487127,-0.0606368776898344,0.591715997178237,-1.02616590025145,3.0825536634697,"nonveg_1290","absence"
0.0303646014649,-0.0775469118979923,-0.516636615119081,0.524878920110365,0.102437956980301,-0.0435240900087748,0.258439927903896,0.641593814480432,"nonveg_804","absence"
0.162378911216477,0.352151183875161,0.253322678169569,-0.58450357242296,0.243320589180161,-1.30290613810327,0.414533689828183,-0.5720618583147,"USA.NorthSlope.15","presence"
-0.0404258914973969,0.0792433276134341,1.40819850629914,-0.890871335373713,0.112290320966171,-0.0770298698905936,0.148144667093001,-1.04256140411534,"USA.InteriorAlaska.1","presence"
1.54318136366338,1.40215024960619,1.42241097181709,-0.892863187078977,0.27596357651647,-0.585411502651999,0.657247042908363,-0.93398708840716,"Sweden.Abisko.NF-BirchShrub","presence"
0.672754844121448,1.1027563979826,0.802676832706905,-0.99997482116586,0.3373482731256,-2.15440431113967,0.620339025331026,-1.06545162085688,"USA.NorthSlope.Ivotuk3","presence"
0.983674617946914,1.11065446957969,1.170394198433,-0.714371448651288,0.251110171855424,-1.11967247536622,0.386601590375236,-0.71413628779163,"USA.NorthSlope.10","presence"
-1.16156614224991,-1.16999943377417,-0.768508772809242,0.539147159514167,-0.0837722764030976,0.886071473027362,-1.28554609262779,0.664837720534248,"nonveg_596","absence"
-1.24348346525946,-1.17709715989183,-1.4709216485026,4.07087372000608,-0.0539399338587426,0.646570170511377,-1.08333611021122,3.26926491197488,"nonveg_1344","absence"
0.807648452002197,0.541427813355626,0.406148267803628,-0.668946693737078,0.18092368814598,0.0475198076490955,0.118934943681003,-0.664441965177012,"Russia.Tiksi.ShrubTundra","presence"
1.56886920443947,1.40270876510862,0.171236968195787,-1.42877591990487,0.542048228572359,-1.05288256555882,1.58967011794311,-1.5292008204954,"Sweden.Abisko.KJ-Snowbed","presence"
-0.528092530340439,-0.613128783935926,-0.107570909118839,0.371878152332777,-0.0211247933300774,0.679428503364825,-0.700836377057484,0.418774436212626,"nonveg_575","absence"
-0.35118796472173,-0.521662938307664,0.434243023512713,0.474376958790512,-0.0921879992416054,0.98411049022086,-1.26010566384742,0.596696751538342,"nonveg_985","absence"
-1.14932908522624,-1.07117622710934,-1.21534707982806,0.649221804258653,-0.00347075057647109,0.59767944297358,-0.455892432055419,0.721370711900436,"nonveg_1469","absence"
-1.08536653729478,-1.13902914761343,-0.924983080166063,1.03412792235811,-0.047963425620189,1.05866566278922,-0.981477321517007,1.03031313889833,"nonveg_1089","absence"
1.19454537150344,1.28369159814377,0.709710132661579,-1.18935446205242,0.19738761556357,-0.650816475050389,0.0971491915989883,-1.2337639478417,"USA.YukonKuskokwimDelta.15B6","presence"
-0.358375480400497,-0.484715254989575,-0.145993559318362,0.416158002164581,-0.0288014537119843,0.650316761923334,-1.052561029442,0.518759867729695,"nonveg_863","absence"
-0.126784899725713,0.196802554175761,0.122038268643311,-0.590514975170842,0.335537052992247,-1.69711421445602,0.825437840668575,-0.646351077903779,"USA.NorthSlope.FranklinBluffs-C16","presence"
-0.753894937683795,-0.856664246825831,-2.14333640354923,-0.569763918230575,-0.0629676930952386,1.13930683337887,-1.18121015035672,-0.548566917342241,"nonveg_624","absence"
-0.9019534658498,-1.07407010287277,-0.682141292521956,0.353210614333029,-0.074128600599438,1.36305793768063,-1.21878775243059,0.394801470067049,"nonveg_714","absence"
1.59143245269072,1.19560707122774,1.00162862699888,-1.08668738561773,0.204968165142344,-0.0520141301991827,8.95992305232074e-05,-1.1214469782096,"Russia.Tiksi.Bog","presence"
0.000202252798983886,-0.132997786478601,-0.0746839010464736,0.195024280625039,0.142951102492086,0.0813573572482262,0.244219256235989,0.280735447683073,"Canada.PrincePatrickIsland.MouldBay-C04","presence"
-1.03351565764775,-1.07273612642452,-1.85684821641845,-0.93590353635343,-0.101034391357874,0.95101386220799,-1.20264972940224,-0.985177252804753,"nonveg_871","absence"
0.663022874811701,1.10004478952718,0.307344021051111,-1.42563933260327,0.352507626079875,-2.10090182399647,0.992574430824947,-1.49225772746216,"Russia.Kolyma.OW1","presence"
0.284900789314269,0.452421548885733,0.345493265424192,-0.505915385211324,0.243320589180161,-1.30290613810327,0.414533689828183,-0.486087003054198,"USA.NorthSlope.15","presence"
-1.01402708823748,-1.02399221724425,-0.742888191674096,0.703535951618325,-0.0632436339212284,0.792984334920936,-1.03752579101569,0.799643133099416,"nonveg_709","absence"
0.663817482845751,1.15736485543054,1.35039433643198,-0.749040361981285,0.328492258453757,-1.67668734702826,0.644621113268053,-0.865172815084654,"USA.InteriorAlaska.2","presence"
1.40364541952604,1.46337932374044,1.24059458629296,0.132703837346807,0.348183237108324,-1.73071709158864,1.4255232627231,0.212557375625152,"Canada.DeceptionBay.BEGL3","presence"
-0.914711291690209,-0.946532862905405,-0.921985696883775,0.342834862007264,-0.183708859177353,0.724707471495287,-0.913705648733547,0.515435709379974,"nonveg_1037","absence"
0.400090458348742,0.460869637431561,0.442634822881567,-0.541538799599501,0.135012512682069,-0.115491880774523,-0.0744886063138729,-0.52505873665152,"USA.YukonKuskokwimDelta.1","presence"
0.895983473444969,0.868591355310373,0.912127714968226,-1.07482196031741,0.254246455650616,-0.996132298100711,0.646398867810285,-1.10846629677396,"Finland.Javrresduottar.EC-Spring","presence"
-0.863274820960527,-0.928130722749122,0.901004499390634,1.31313747971319,-0.0680424334288486,0.885774962555959,-0.853038323225966,1.50394244439858,"nonveg_1499","absence"
1.49801610198989,1.54061110408741,1.45623872285355,0.402759947299501,0.348183237108324,-1.73071709158864,1.4255232627231,0.507996624056619,"Canada.DeceptionBay.BEGL3","presence"
-0.741770594785742,-0.815115101201397,-0.336288681822215,0.709342371176087,-0.0758831126415229,0.882032423219439,-1.17716564165221,0.825494287529036,"nonveg_695","absence"
-0.895394884754643,-0.928121009083303,-0.610928454136312,0.343034032999884,-0.0333341019332313,0.761708217738226,-0.564196227975934,0.404120770820813,"nonveg_769","absence"
-0.983013312100988,-0.993607162194412,-0.421118930173049,0.961905209253515,-0.0490324642599347,0.822892341649533,-0.795945896830154,0.711141479736715,"nonveg_919","absence"
0.255539004628145,0.138070456283319,0.391530993633415,-0.336106464217755,0.0349490985154094,0.45282612223904,-0.436168495992589,-0.307658087678737,"Canada.ClearwaterLake.LS1","presence"
1.35449681177952,1.41459384637447,1.18719600155513,-0.856348082845759,0.19738761556357,-0.650816475050389,0.0971491915989883,-0.869457602716115,"USA.YukonKuskokwimDelta.15B6","presence"
0.898549667682637,1.07736660493117,1.47618019248009,-1.13312451741882,0.237731832917039,-0.823272132481358,-0.12559104593923,-1.22290225263593,"USA.InteriorAlaska.20","presence"
1.12413719339944,1.47292252207974,1.60921565358905,-0.515420003612228,0.20405547734637,-1.34296338938537,-0.15721093303307,-0.496484980413358,"USA.YukonKuskokwimDelta.72B4","presence"
-0.240873094409282,-0.406418083151795,-0.32710424889858,0.217028090409365,0.060881267550022,0.372633702081464,-0.430828295156687,0.304807441560379,"USA.NorthSlope.HoweIsland-C13","presence"
1.42354869158563,1.47771700048497,1.08980736729235,-0.849050747618548,0.442339938466397,-1.67002704527062,1.35118823626239,-0.861474375691711,"Sweden.Abisko.VJ-Wetland","presence"
-1.37083913582737,-1.20362406359415,-0.570341307371465,2.75886619562075,-0.0448415928870895,0.461138408977086,0.368345713823564,0.588878920950268,"nonveg_851","absence"
0.927217734359949,1.30798701074414,-0.220149992675142,-1.999006038161,0.422700930769585,-1.75716161430684,1.02463882550839,-2.11951636862112,"USA.Kougaork.GraminoidShrub","presence"
-0.817292448575821,-0.889333432030539,-0.131991544031813,0.284306896461088,0.221638457417746,0.836405362791954,-0.858779979552943,0.37840992327712,"nonveg_719","absence"
1.74613622123968,1.8572319351208,1.98963543843994,0.35869870947755,0.345588161198761,-2.13635805107852,1.00098958405326,0.410527464350234,"Russia.Yamal.Laborovaya-1","presence"
-1.11196675534237,-0.936095841954993,-0.931488819583247,-0.0590897820648559,0.0207466655250811,0.346723910387389,-0.0118179885852098,-0.0572807440181965,"nonveg_666","absence"
-0.76861695353454,-0.779311609218068,-0.929550350421869,-0.172738711176316,-0.0325472248497927,0.584188098378359,-0.94757655805476,-0.150760470688329,"nonveg_849","absence"
-1.1695274663952,-1.10146597691139,-1.10171119499308,0.803910724452802,-0.0519587580976197,0.687636539525636,-0.860833666161426,0.886777837195689,"nonveg_921","absence"
1.25005192191686,1.17641655213759,1.03126844291889,-0.6575798726624,0.0466787275861317,-0.202751664016574,-0.645646699049074,-0.652006752820787,"USA.YukonKuskokwimDelta.UB6","presence"
-1.11956835430922,-1.06058006753554,-0.920375742843505,1.00522570781288,-0.0519587580976197,0.687636539525636,-0.860833666161426,1.10701483680408,"nonveg_921","absence"
-0.200968617371831,1.25601913018066,0.320806518063093,-0.196219251001805,0.982518612832707,-3.6925413441174,3.79378485039824,-0.944419352586312,"Canada.KluaneLake.Outpost-ShrubTundra","presence"
1.48529018432379,1.67096842207588,2.67356104584453,0.403120988654442,0.304583090390799,-1.87678438734414,0.65324516627458,0.327336427399133,"Russia.Tazovsky.Burned44","presence"
-0.904801726472095,-0.974610038292181,-0.770338505385445,0.553437895218581,-0.0876670326063111,0.980582940503946,-1.23206981623549,0.673998911944181,"nonveg_912","absence"
-0.0119711161550761,0.00418233122029834,-0.256177130236496,-1.60780965797526,0.16053626850991,-0.267696585037555,0.287000151727885,-1.69155062264548,"Finland.Javrresduottar.EC-Hummock","presence"
-0.654734913578727,-0.74509465394143,-0.229865991312563,0.643635057360898,-0.0295998133658222,0.678093601255224,-1.04631149467356,0.771512089397699,"nonveg_940","absence"
-0.615675602478089,-0.735095437628346,0.677627440252264,1.20025184782265,-0.07050394526833,0.919367209162514,-1.15120136377697,1.39056655957599,"nonveg_583","absence"
-1.15902000377978,-1.12210522881867,-2.00117099576063,0.846993630655687,-0.00528770902486022,0.637326366054344,1.05772262893061,0.993984760232037,"nonveg_1642","absence"
-0.169322317328646,0.643656848408882,0.301211941410405,-0.351659328553804,0.193906024586875,-2.09146783028379,0.282740895869088,-0.860957971522605,"Canada.KluaneLake.Quill-MixedTundra","presence"
-0.413757525729457,-0.470815665040631,0.0437294408345689,-0.0915485699663107,0.00231372522861139,0.523643832379634,-0.537131369160609,-0.0327729843772209,"nonveg_996","absence"
1.36773630513249,1.67156102500089,1.3169964743415,-0.885732037920123,0.368125365774853,-2.35827895121994,0.479551559547565,-0.901603417171618,"USA.NorthSlope.Ivotuk1","presence"
0.227738688514874,0.294205779616161,-0.0162773266072559,-1.46749630340876,0.0993224097234521,-0.102043092567961,-0.195230543930836,-1.52691970710879,"USA.YukonKuskokwimDelta.4","absence"
-0.783367437460594,-0.780976691572561,-1.47737170260063,0.787459058482168,0.146166976696669,0.558282221749086,2.50055424199936,0.928854409129393,"nonveg_1834","absence"
-0.688859629642231,-0.748507872717072,-0.602635523305027,0.625008968793854,-0.0294520820479743,0.718881512758972,-0.646809650174965,0.751135295817915,"nonveg_792","absence"
1.98872819911219,1.50949949096085,0.74190759946295,-1.09709114988224,0.309460747511071,0.430665440211141,1.58636940584111,-1.13282861403226,"Sweden.Abisko.VJ-BirchShrub","presence"
-0.671557932245115,-0.764720219948577,-0.747239467521208,0.703972984192668,0.014381968989198,0.779118325143717,-0.603027432783744,0.837521304142788,"nonveg_673","absence"
-1.2602938512112,-1.17574804536717,-1.13416712937735,0.810557294733121,-0.0519587580976197,0.687636539525636,-0.860833666161426,0.894049132515052,"nonveg_921","absence"
-0.2716019342322,-0.431566179420251,-0.418958450821278,0.110164776985215,0.060881267550022,0.372633702081464,-0.430828295156687,0.18789982184958,"USA.NorthSlope.HoweIsland-C13","presence"
1.06489538271148,0.987260688715524,1.23914705645075,-0.890355294124659,0.257751578050106,-0.891297027131338,0.375200297812635,-0.906661222894338,"Finland.Javrresduottar.A-Hummock","presence"
-1.74332358673508,-1.50341257211341,-4.12414719071746,2.40258422090164,0.118754837426298,0.139918881375671,2.70748065186386,2.69578856289302,"nonveg_1810","absence"
0.978171373471307,0.764412522033679,0.942240363900732,-0.509125406096193,0.150436895764726,-0.133428414644466,0.0474233097148625,-0.506762205070889,"Russia.Yamal.VaskinyDachi-3","presence"
-0.690758069926925,-0.797883344144044,1.46011508935476,0.816815782818631,-0.0791189082329825,0.955314350720198,-1.27542264442194,0.960970433372998,"nonveg_955","absence"
-1.36656819084107,-1.16436416526772,-1.4179329820016,-0.188862666957913,-2.39043817810636,0.463454311585228,0.699169125413864,0.385360475681501,"nonveg_1353","absence"
0.266433715034624,0.218303707403035,0.349884251643267,-0.361751208553613,0.105462509859194,0.114209109520236,0.292008382493506,-0.328372533976063,"Canada.LeRoyLake.TD1","presence"
1.65240728665787,1.71196179813997,1.31826707485355,-1.10517564668685,0.371591913832311,-1.96746574064643,0.644865113472541,-1.14167298959673,"Norway.Javrresduottar.A-Betula","presence"
-0.315873737561141,0.442973633797823,0.101776543891684,-0.786794669667656,0.292158836985823,-1.6317280993424,0.851968069821579,-0.898776001937389,"USA.InteriorAlaska.23","presence"
-0.938875510116317,-1.02052980517372,-0.772008349782117,0.605419572301807,-0.050198281175585,1.15471712241714,-0.966507031699884,0.761007506253455,"nonveg_729","absence"
-0.81639625289762,-0.809562294210242,-0.516429748796355,0.442090654948286,-0.00219762593281814,0.689391622895423,-0.299918765520572,0.482258294748568,"nonveg_627","absence"
-1.1898255069927,-1.2117747429376,-1.22064546485025,0.436793133925144,-0.0285405261510708,1.30828189664257,-0.70189549377908,0.54522866105874,"nonveg_761","absence"
-1.26636246574952,-1.26405564932947,-1.42360936001121,1.29041728417936,-0.07701510280465,0.955929034963369,-0.820945132541892,0.977911443622391,"nonveg_1145","absence"
-0.866263164323184,-0.880741003676733,-0.698514099386455,0.521216729679576,0.00809033752815598,0.537944635230584,-0.747160062339309,0.588127581364125,"nonveg_922","absence"
-0.379016564908259,-0.497941394111839,-0.0376121682013606,0.322153400474026,-0.0365426836525827,0.749637919587343,-0.641791827774315,0.419813699341655,"nonveg_600","absence"
-0.184902709683515,-0.284485361118733,-0.300987433006411,-0.0093905194861112,0.142951102492086,0.0813573572482262,0.244219256235989,0.0571072730652658,"Canada.PrincePatrickIsland.MouldBay-C04","presence"
0.315595046790319,0.389882550020979,0.0770336489015218,-0.0578261835982247,0.331000112728973,-1.39198365862483,1.19663459795905,0.00411903960123334,"USA.NorthSlope.WestDock-C14","presence"
-1.10466121058121,-1.04391947702933,-1.77752380536991,0.53330034887172,0.146166976696669,0.558282221749086,2.50055424199936,0.650806790940804,"nonveg_1834","absence"
-0.940141646548451,-0.983957105923522,-1.13085209854877,0.288959953394689,-0.0576258574265408,0.773024651247435,-0.800948250271796,0.383500330761745,"nonveg_936","absence"
0.376862408592832,0.614092934665944,0.356482025982929,-0.742597759923147,0.231834811163498,-1.33024773256079,0.331441022145112,-0.745668039914468,"USA.NorthSlope.11","presence"
0.658552077462592,0.403306691060119,0.0204496015680632,-0.480731612609501,0.354702774970483,0.197714201694185,1.77896819598157,-0.458536155004676,"Canada.PrincePatrickIsland.MouldBay-C06","presence"
1.08191654907426,0.741303235101357,0.893693261135539,-0.346602138879792,0.0955663463016826,0.524180918697844,-0.0620098794933738,-0.311799571565942,"Finland.Kevo.12","presence"
-0.127401236699138,0.107435499384575,-0.419629062963394,0.552762301360107,0.124489061850504,-0.249144275621849,-1.13921771190413,0.672098013039742,"nonveg_647","absence"
-0.874144226691608,-1.01442537609034,-0.831619066624137,0.83716392602057,-0.0595527743845102,1.19771115953063,-0.706624998456344,0.835466298494507,"nonveg_616","absence"
1.16883866308635,1.17782826014828,1.47550491119199,-0.745771589014708,0.144325438346846,-0.905454129027928,-0.0578695454283974,-0.84968827782679,"Russia.Tazovsky.Burned28","presence"
1.06487431495146,0.755893835014529,0.802743832026083,-0.322874393355727,0.268096215016952,-0.325757723505424,0.614830679870405,-0.285841605623861,"USA.NorthSlope.Barrow","presence"
0.158733463214793,0.242232840199278,1.55860665264847,-0.765862560084876,0.112290320966171,-0.0770298698905936,0.148144667093001,-0.90580279263589,"USA.InteriorAlaska.1","presence"
1.16374225403294,1.1736574230377,1.45790599030435,-0.765378500886175,0.144325438346846,-0.905454129027928,-0.0578695454283974,-0.871138084344344,"Russia.Tazovsky.Burned28","presence"
-0.971199238124811,-0.931703650689327,-0.453522928238593,1.02365496401567,-0.0690070460127203,0.674952877772277,-1.08001239134982,0.828988018202155,"nonveg_988","absence"
1.35231668103366,1.24865714318331,1.25811101110103,-0.912874021974696,0.183054646871104,-0.698519796868548,0.0749934202703431,-0.931296533063076,"Sweden.Abisko.NF-DryHeath","presence"
-0.999825910764132,-1.15138555323686,-1.34813279004701,1.60663441415734,-0.510179978566578,1.38779068730126,0.226781480916844,1.44966128286564,"nonveg_593","absence"
-0.551165234920723,-0.692771710893578,-0.634965855989265,0.0704948633875994,0.031017874570121,1.08789376460426,-0.407486499156798,0.144501250120639,"Canada.EllefRingnesIsland.Isachsen-C01","presence"
-1.05692806520374,-1.09797932002513,-0.957309077531161,0.657252339911022,-0.0748004598614946,0.979442226855808,-0.961116965865393,0.820808058321412,"nonveg_710","absence"
-0.388513502367436,-0.400092683846756,-0.426658617608337,-0.0794752346522052,0.139423329265173,-0.0591481717001002,0.141566278392609,-0.0362195642947697,"Canada.BanksIsland.GreenCabin-C07","absence"
-0.546499884419601,-0.531942822086758,-0.494682911057329,0.402926692455843,0.044279561943451,0.229898383724253,-0.659155684831259,0.508179041938879,"nonveg_998","absence"
0.842314826429407,0.748429467936689,1.01210240356845,-1.18474139469631,0.204209387799601,-0.692419270315472,0.278143068863382,-1.22871728863857,"Norway.Javrresduottar.EC-Hummock","presence"
-0.717769453296297,-0.775172500053124,-0.372506507071127,0.061594874523688,-0.0365426836525827,0.749637919587343,-0.641791827774315,0.134764732692972,"nonveg_600","absence"
-1.03046431020846,-1.17645963423626,-1.37136704611633,1.59333399226783,-0.510179978566578,1.38779068730126,0.226781480916844,1.43511072651072,"nonveg_593","absence"
-0.618250130454328,-0.692802655714603,-0.388257990239306,0.335002605531573,-0.072508923809564,0.758261160913835,-1.17459314265599,0.414904681093946,"nonveg_915","absence"
0.62400016797589,0.391132366054489,0.20775767162765,-0.833404150037688,0.180923688145979,0.047519807649093,0.118934943681003,-0.844357121686207,"Russia.Tiksi.ShrubTundra","presence"
-0.814151369124514,-0.868218877209888,-0.48256936442867,0.545625746550309,-0.0380595542819979,0.810899168048189,-0.56791193903577,0.65654471678753,"nonveg_684","absence"
-0.632550888746274,-0.729781108440777,-0.479648351585264,0.187759633207541,-0.0196187905996266,0.838070932871393,-1.00566008113798,0.368566714536527,"nonveg_663","absence"
1.32315504814308,1.26996221286644,1.18050783644712,-0.868515245089218,0.275581816623637,-1.23395688063894,0.496458498735207,-0.882768381981139,"Russia.Kytalyk.T2","presence"
-0.653878167838504,-0.770293990461056,-0.507441554116477,0.447697557166389,-0.0807454598013366,0.999767814738776,-1.2135787913226,0.545704599252408,"nonveg_602","absence"
-0.837339709396428,-0.906367068125075,-0.712276849737876,0.714445479952655,-0.0319443392370755,0.7961319262866,-0.887127972524081,0.826196151893682,"nonveg_997","absence"
1.58480666389809,1.55902773909619,1.20985530410358,-0.972091660700438,0.153748462585897,-0.483017166479681,-0.265793306319725,-0.99608016148046,"USA.YukonKuskokwimDelta.72B3","presence"
1.50584035793592,1.41253242528135,1.18668570773015,-0.827033059833589,0.215897662046626,-1.34560107976069,0.175274731859071,-0.837387199391474,"Russia.Kytalyk.T3","presence"
-0.872347181996758,-0.964696784759828,-0.693792955606796,1.23141639284809,-0.0479634256201889,1.05866566278922,-0.981477321517007,1.24614516527227,"nonveg_1089","absence"
-1.03130988658629,-0.983889675452923,-1.70711502768977,0.604288328853155,0.146166976696669,0.558282221749086,2.50055424199936,0.728467079601027,"nonveg_1834","absence"
-1.23546976340292,-1.22288674895623,-0.840920364926469,2.85564887443186,-0.0724272197746874,0.912793116659621,0.562398003989527,2.14605711446112,"nonveg_1736","absence"
1.14367897628355,1.48513617034972,0.908674792346197,-1.0168212161901,0.422700930769585,-1.75716161430684,1.02463882550839,-1.04501394142291,"USA.Kougaork.GraminoidShrub","presence"
0.255492716359523,0.428354351620961,0.322783888703018,-0.52959197241311,0.243320589180161,-1.30290613810327,0.414533689828183,-0.511989002196313,"USA.NorthSlope.15","presence"
-1.37484002674693,-1.34849927694429,-1.44560198559548,0.675558193418534,-9.64647343593217,0.516563640635605,-0.611738819299521,0.806435747766678,"nonveg_1477","absence"
-1.20517613610554,-1.21398152622338,-1.25049300434128,1.41458072830286,-0.0770151028046501,0.955929034963369,-0.820945132541892,1.11374526949264,"nonveg_1145","absence"
-1.12747027185424,-1.06024863758173,-1.34353231229806,0.834436540836671,0.0085680829187415,0.496397194243573,-0.703386307605902,0.980247403283267,"nonveg_1172","absence"
1.02645752051416,1.2954655372585,1.35956488165806,-0.805746973251301,0.304583090390799,-1.87678438734414,0.65324516627458,-0.995155562065107,"Russia.Tazovsky.Burned44","presence"
0.840517290257555,1.0318999463091,1.1262843979433,-0.819577936243926,0.367919073822285,-1.08153550063676,1.18177321037409,-0.897298100124798,"Russia.Kolyma.T1","presence"
-0.152091822871231,-0.339664755612558,-0.0589572279915416,0.143098914534513,-0.0684654885777169,0.875176086966438,-0.858288546066343,0.167648824215952,"nonveg_701","absence"
-0.727881542768629,-0.802026388669347,-0.913774114702394,-0.024876313016397,0.0294169832104493,0.870141486835501,-0.227479340835616,0.0403007884324354,"nonveg_619","absence"
-0.332578471974972,-0.341744738271571,-0.395371875764148,0.241620309714642,0.0742035692330515,0.101706752543916,-0.515888464812975,0.288823016907868,"nonveg_507","absence"
1.05946845238488,1.04888789487908,0.656093279281597,-0.755951450578786,0.162316217825741,-0.732649815901201,0.434940481679608,-0.759624481046694,"Canada.DeceptionBay.BEGL2","presence"
-0.531827378367946,-0.666475104937218,-0.408903197425213,0.59724840065933,-0.07050394526833,0.919367209162514,-1.15120136377697,0.730885557495641,"nonveg_583","absence"
1.36833488106573,1.34666927953513,1.13048637076284,-1.06846437381944,0.323577397040722,-0.992339905829521,0.853108566308341,-1.10151114742693,"Sweden.Abisko.NF-SeasonallyFlooded","presence"
-1.25710721465037,-1.05487696952635,-0.860795186062349,0.0726802838977591,0.0207466655250811,0.346723910387389,-0.0118179885852098,0.0868746659837443,"nonveg_666","absence"
-0.281308236811656,-0.462783408506967,0.0188065305478637,0.115229522781148,-0.0748554969882857,0.955119940384656,-1.07349681300638,0.193440613693574,"nonveg_764","absence"
1.07479179650097,0.895388061794844,0.439927904857249,-1.14436481202791,0.238926575402552,-0.407844922924686,0.832040441931987,-1.1845456265352,"Finland.Kilpisjarvi.20","presence"
0.430438456427016,0.460092721864029,0.523136913528719,-0.59940933357921,0.099322409723452,-0.102043092567961,-0.195230543930836,-0.577239427760474,"USA.YukonKuskokwimDelta.4","absence"
1.31792091634321,1.44765523705641,1.0878291022533,-1.07236196891828,0.121827614202536,-0.769223571457207,-0.449515747372702,-1.10577508563922,"USA.YukonKuskokwimDelta.72B2","presence"
0.456695705331419,0.490905171601853,0.105717317358668,-0.825024663626615,0.252212085312974,-0.297824163955324,0.885729686262324,-0.835190029825323,"USA.Kougaork.LowShrub","presence"
-0.82957365859933,-0.878253773297864,-0.441770090702318,0.406595612193105,-0.0472916641995238,0.873254252116186,-1.05028225617782,0.394243976562223,"nonveg_606","absence"
0.771645517074059,1.18781129431336,0.769327601368768,-0.642665627642902,0.635017263457563,-1.5260188505151,2.32147601233947,-0.782674461031568,"USA.BrooksRange.8","presence"
-1.03823341662232,-0.991044477170243,-1.21907422871432,0.594872273176322,-0.000505611977958484,0.622150681501319,-0.0525018603980599,0.718165989161563,"nonveg_903","absence"
-1.18920712277675,-1.18289061410963,-1.51350958012753,3.59314035911941,-0.105872733700779,0.932680469549588,0.479024808974652,4.48912658495944,"nonveg_1994","absence"
0.776836220121264,0.641007978794714,0.751612560700694,-1.07856435765403,0.229919496599805,-0.456787441856804,0.424698716576035,-1.11256044986183,"Finland.Javrresduottar.A-Betula","presence"
0.992786163347542,1.23396949882003,1.04958539803998,-0.938162628737965,0.160666324343829,-1.15065750674378,-0.162804567742259,-0.968220783778512,"USA.BrooksRange.6","presence"
-0.0799805361441356,0.235106657028856,0.0871879872724292,-0.592356497461496,0.335537052992247,-1.69711421445602,0.825437840668575,-0.648365688725271,"USA.NorthSlope.FranklinBluffs-C16","presence"
0.98501074138114,0.811375390368084,0.975310994578507,-0.858146447426628,0.229919496599805,-0.456787441856804,0.424698716576034,-0.871424999344434,"Finland.Javrresduottar.A-Betula","presence"
-0.463116802228004,-0.613683130210044,-0.335244075115801,0.151746234382206,-0.0714773504115763,0.988600919246094,-1.06485928647743,0.233389607376759,"nonveg_561","absence"
0.403888342178395,0.699841061907373,-0.11077639410856,-0.693675499567732,0.190140166824444,-1.6029942385138,0.651529347366933,-0.691495083177179,"Canada.DeceptionBay.TH6","presence"
0.634752214496906,0.85703541955545,1.49828866504705,-0.754913470890025,0.173927014925679,-0.901309875178699,-0.0327117734312205,-0.863929675173876,"USA.InteriorAlaska.4","presence"
0.00863913734822159,-0.0997653256089338,0.307685261626575,-0.0627575254192969,0.0715484263018596,0.409191040022998,0.480865090387436,-0.166745129583726,"nonveg_1069","absence"
-0.708155779034548,-0.81496343590094,-0.655301214532137,0.637862403426777,-0.0119030232925461,1.01733092988602,-0.968927115125704,0.779743069346164,"nonveg_733","absence"
-0.543126239928646,-0.683682966676097,-0.628859423393684,0.0918919254273735,0.0262454111016636,1.04926606713332,-0.493085014771471,0.167909466764134,"Canada.EllefRingnesIsland.Isachsen-C02","presence"
1.39812637455316,1.45691169576849,0.962965443559256,-1.00970123891638,0.442339938466397,-1.67002704527062,1.35118823626239,-1.03722474259692,"Sweden.Abisko.VJ-Wetland","presence"
1.67633748631253,1.25763643216884,1.15503127840547,-0.929008582836859,0.154425069656521,0.216406939803148,-0.167642915793252,-0.948947615039056,"Finland.Kevo.1","presence"
-0.291549321664785,-0.420260621168973,-0.390737673976207,0.246208515042606,0.0826741984556874,0.420502583830863,-0.231831038270658,0.336730595323002,"Canada.PrincePatrickIsland.MouldBay-C00","presence"
1.66205855891652,1.56193245151621,0.461224776064247,-0.818638722237012,0.678521637970171,-1.23309827178758,3.03702985362417,-0.828203860451106,"Sweden.Abisko.KJ-SalixShrub","presence"
1.45559323115332,1.60751363605314,1.11131529655601,-1.04287778021361,0.493164969049302,-2.43030565598976,1.18851102460113,-1.08237074001278,"Norway.Javrresduottar.A-Salix","presence"
0.119094125337441,0.337904826925598,0.251816480458903,-0.449109921679004,0.287214124655717,-1.46202398045024,0.641535847399154,-0.443417888913673,"USA.NorthSlope.FranklinBluffs-C15","presence"
1.44514632860243,1.62057949089033,1.9366703346507,-0.949698191905728,0.2712288235355,-0.936617995528402,-0.0484096647571999,-0.984448375275628,"USA.InteriorAlaska.21","presence"
-0.137464583626584,-0.293443782298373,0.341122672862086,0.693913854065532,-0.0211247933300774,0.679428503364824,-0.700836377057485,0.771078946948158,"nonveg_575","absence"
-0.269689282561583,-0.436808096735227,-0.223555353011644,0.45142276991503,-0.0605590204169399,0.872924890568534,-1.13623314396187,0.554874951365854,"nonveg_508","absence"
-0.142194112612925,1.30411944611596,0.378046818193573,-0.134123341779916,0.982518612832706,-3.6925413441174,3.79378485039824,-0.876486919010205,"Canada.KluaneLake.Outpost-ShrubTundra","presence"
-0.462001219767517,-0.565854992582577,-0.153777517572076,0.234549602881881,-0.0365426836525827,0.749637919587343,-0.641791827774315,0.323975837628771,"nonveg_600","absence"
-1.24756054070087,-1.22844050545455,-0.28342704621314,2.71189118981894,-0.0608042942664992,0.884209124533341,1.21671395152438,1.88678534082609,"nonveg_1880","absence"
0.683274219016026,0.478864159664037,0.559960281578652,-0.531683762556857,0.0344762989049079,0.359003933028904,-0.456967522805952,-0.514277404069736,"Canada.BonifaceRiver.LSA2","presence"
-0.259962169323324,0.569478332823636,0.437035133025763,-0.282373503840192,0.193906024586875,-2.09146783028379,0.282740895869087,-0.785159827263141,"Canada.KluaneLake.Quill-MixedTundra","presence"
0.898029193479485,0.761054490024763,0.673368549014328,-0.93224386159808,0.054361385889719,0.231703558369308,-0.697098474616261,-0.952486984416216,"USA.YukonKuskokwimDelta.6","presence"
-0.592166396890203,-0.708040353288959,-0.657175521522114,0.399076945406581,0.000381901294676961,0.82928081125006,-0.888501515135019,0.503967449114394,"nonveg_825","absence"
-0.607771283474026,-0.70964164860598,-1.73662022406779,0.455095154384863,0.0206022532526605,0.748294929525966,0.673974986810872,0.565250926692145,"nonveg_1626","absence"
-1.05891800223975,-1.06073037701253,-0.775870618327671,0.666351100733826,-0.0632436339212284,0.792984334920936,-1.03752579101569,0.75896320032442,"nonveg_709","absence"
-0.405391472188844,-0.512711780221504,3.25292055716316,1.73594100645946,-0.0211247933300775,0.679428503364825,-0.700836377057482,1.91104841033993,"nonveg_575","absence"
-1.26485455079543,-1.25452936905605,-0.788455221510922,0.495539494355729,-0.0837722764030976,0.886071473027362,-1.28554609262779,0.617131279741197,"nonveg_596","absence"
1.01547566336508,0.886878644456558,0.519432947797105,-0.912580764794653,0.272584936093193,-0.899842096534342,1.08596593585103,-0.930975712027462,"Russia.Yamal.Kharasavey-1","presence"
-0.959522442832267,-0.951413442793944,-0.661375695078021,0.636759496344446,-0.00794100146919238,0.594888055492425,-0.531749247830864,0.735700692181049,"nonveg_946","absence"
-0.852241356995704,-0.899391244515946,-0.521841452090122,0.50487089002493,-0.0380595542819979,0.810899168048189,-0.56791193903577,0.611959226076362,"nonveg_684","absence"
-1.15867252734436,-1.18207407071177,-0.960602465825219,0.764903447635904,-0.0882625602306219,0.976839288522566,-1.27961907105836,0.896304411134357,"nonveg_995","absence"
-0.750447337717056,-0.80660817829991,-0.512036284883267,0.349337063091062,-0.0741512287151195,0.900767399436508,-1.32491217939365,0.422475976096662,"nonveg_1309","absence"
1.02371178983238,1.39409916362074,1.16059909319163,-0.326296917149022,0.635017263457563,-1.5260188505151,2.32147601233947,-0.436569593891487,"USA.BrooksRange.8","presence"
-0.79756950567316,-0.872339404324319,-0.747011591158254,0.920213073235406,-0.0478621706583304,0.879546414736152,-0.999440457464987,1.12214390038162,"nonveg_1416","absence"
-1.25556788500467,-1.09356240161578,-0.721878311757049,1.31468421405288,-0.0917535446171263,0.503364161186278,-1.03856836427503,0.598813199086801,"nonveg_594","absence"
2.11967162587782,1.61666194554749,0.897287033067232,-0.95618740127292,0.309460747511071,0.430665440211139,1.58636940584111,-0.978681027452542,"Sweden.Abisko.VJ-BirchShrub","presence"
-0.1897322335977,-0.336934796073054,-0.232266997361577,0.38005293765283,0.0826741984556875,0.420502583830863,-0.231831038270658,0.483155335091471,"Canada.PrincePatrickIsland.MouldBay-C00","presence"
-0.978470812315433,-0.997366884250928,-0.723570202733628,0.522034543343959,-0.0764921927733647,0.625418950147445,-1.22948140236339,0.645574624645706,"nonveg_956","absence"
1.13454132112541,1.00326092776436,0.824867208410191,-1.04320227466755,0.237247735785072,-0.605403898059802,0.624033359786962,-1.07387461075111,"Canada.CoutureLake.TDA7","presence"
-1.18852976501362,-1.19206612372784,-0.750509490569857,0.550764437613181,-0.0837722764030976,0.886071473027362,-1.28554609262779,0.677546930894249,"nonveg_596","absence"
0.648546641188846,0.395118367775867,0.00466045798592355,-0.497009121276487,0.354702774970483,0.197714201694185,1.77896819598157,-0.476343620748568,"Canada.PrincePatrickIsland.MouldBay-C06","presence"
1.75838703682589,1.9763030998747,0.924102643989919,-1.1075615300157,0.622815130237392,-1.8007649703193,2.08783623694495,-1.18907296701449,"USA.Kougaork.TallShrub","presence"
-0.376777898103529,0.393130434337777,-0.0345362531578426,-0.878386801215828,0.292158836985823,-1.6317280993424,0.85196806982158,-0.998977069454684,"USA.InteriorAlaska.23","presence"
-0.898498372131924,-0.963772474604619,-0.81508279413056,0.354241501444135,-0.0601018020237516,0.928840291014522,-1.13615642205788,0.454917828020183,"nonveg_568","absence"
0.207705199983122,0.170241028866204,0.319948293938688,-0.401812041620155,0.105462509859194,0.114209109520236,0.292008382493505,-0.372198768512253,"Canada.LeRoyLake.TD1","presence"
1.01693339322351,0.874819230480593,0.779660983295262,-0.726963338828495,0.152041193098751,-0.428512615897261,0.195083376516976,-0.735482212667523,"Russia.Yamal.Laborovaya-2","presence"
0.953359508474265,1.16886730727934,1.09972712915754,-0.917860856441646,0.26836318764808,-1.35802065258332,0.439951704820665,-0.93675209052936,"USA.NorthSlope.HappyValley-C20","presence"
-1.04016252950291,-0.85530075666426,-2.28742242376259,1.15518031606131,0.0830977860279927,0.0443228875721421,1.79145239115408,1.33113855663668,"nonveg_1794","absence"
0.930701200515732,0.897003906764606,0.948015118415041,-1.03666944246105,0.254246455650616,-0.996132298100711,0.646398867810285,-1.06672774398496,"Finland.Javrresduottar.EC-Spring","presence"
1.46569485715008,1.33873626663344,1.38116449118113,-0.903116137225165,0.27596357651647,-0.585411502652,0.657247042908363,-0.945203734777153,"Sweden.Abisko.NF-BirchShrub","presence"
1.05531851637157,1.01390834911448,0.859211206754847,-0.27174509754782,0.113495056284001,-0.650412591292215,-0.33545049708198,-0.248093713152403,"Russia.Tazovsky.Unburned28","presence"
-0.562292998028714,-0.728087579429952,-0.550686343666388,0.622547807310783,-0.0147761043703187,1.39632813709425,-0.745027214314259,0.748442804620606,"nonveg_984","absence"
-0.913262282953546,-0.981651840903766,-0.591328536046044,0.379335816698867,-0.092173645771156,0.984041239919925,-1.32511870535936,0.482370810439499,"nonveg_953","absence"
-0.666180075856062,-0.771834496761641,-0.0905912158634035,0.314956348980071,-0.0946765987555642,0.940594652947207,-1.13407051450657,0.411940181928296,"nonveg_986","absence"
-0.721422423620488,-0.779768696465978,-0.464184885591225,-0.0382768886861578,-0.0395642485834014,0.781568479925278,-0.727800880707054,0.0255058136208911,"nonveg_612","absence"
-0.598863990211657,-0.618404071344798,-0.367251779559647,0.658000214559424,-0.0434927400965993,0.691102716788063,-0.978355634983492,0.723603094342001,"nonveg_1968","absence"
1.06531694270845,0.993480621610966,0.986497482056848,-0.650518289331545,0.1411072075067,-0.424051127201748,-0.0676588403104976,-0.64428143650645,"Russia.Yamal.Nadym-2-IH","presence"
1.0312193249687,1.09085077734469,0.231094106139756,-0.61933818091115,0.282245132771325,-1.1743093105106,0.699653813126759,-0.610170644496054,"Canada.DeceptionBay.TH8","presence"
0.317297064568906,0.273663324477581,0.585535347237463,-0.532414750615435,0.0706501822108263,-0.00318735487882874,-0.347442434493718,-0.515077099224481,"Canada.LeRoyLake.TD4","presence"
-1.07264228593932,-1.08528960437259,-0.051482291283691,2.94497488099946,-0.0608042942664992,0.884209124533341,1.21671395152438,2.14177705553334,"nonveg_1880","absence"
0.245542975195294,0.334389919785601,0.18779937055442,-0.744813928109377,0.135012512682069,-0.115491880774523,-0.0744886063138729,-0.747440119551124,"USA.YukonKuskokwimDelta.1","presence"
-1.2930532905073,-0.875153657440921,-0.461345495971944,1.83237897731696,-0.110199448997067,-0.446935071706739,-0.304131050402501,0.9842057059776,"nonveg_591","absence"
-0.932493361640819,-0.977697845689353,-0.876307917023262,0.423154930382874,-0.0576258574265408,0.773024651247436,-0.800948250271796,0.53030857424719,"nonveg_936","absence"
0.765597667889327,0.968560359425197,1.46566228858435,-1.16043789831298,0.237731832917039,-0.823272132481358,-0.12559104593923,-1.25278287531433,"USA.InteriorAlaska.20","presence"
1.00657385140909,0.882856989345128,1.15456603003645,-0.940381785233382,0.204209387799601,-0.692419270315471,0.278143068863382,-0.96138980851091,"Norway.Javrresduottar.EC-Hummock","presence"
0.146142084849887,0.231928214411322,1.54223367123757,-0.781183444253637,0.112290320966171,-0.0770298698905932,0.148144667093001,-0.922563718744605,"USA.InteriorAlaska.1","presence"
1.48624419250238,1.66890660974563,0.852663336880197,-1.13747175976376,0.726147577143911,-1.84672955273716,2.68416117388633,-1.25809210612502,"Finland.Kilpisjarvi.19","presence"
-1.37663067612839,-1.2860631636884,-1.59902122308521,3.94693461862351,-0.0539399338587426,0.646570170511377,-1.08333611021122,3.1336765152889,"nonveg_1344","absence"
-0.520918517343928,-0.615678819780041,-0.204428726366816,0.213143814012673,-0.0395642485834014,0.781568479925278,-0.727800880707054,0.300558073902895,"nonveg_612","absence"
-1.22267177701077,-1.18974063751705,-0.740117760103703,0.669788455387916,-0.0490324642599347,0.822892341649533,-0.795945896830154,0.391568061340774,"nonveg_919","absence"
1.21631942568928,1.31053340934049,0.215862919926738,-1.11408603242539,0.249847426342047,-0.678114986942219,0.548487680130191,-1.151420881123,"USA.YukonKuskokwimDelta.3","presence"
0.435203965469553,0.417735424480478,0.14761193545891,-0.505100936915465,0.287752166999253,-1.0180408906911,0.728491968308363,-0.485196003059949,"USA.NorthSlope.Deadhorse-C15","presence"
0.875249794768693,0.864643739567546,0.872543198846043,-0.73049420954377,0.0385989259092129,-0.230708610197338,-0.822444396152718,-0.731774460694104,"USA.YukonKuskokwimDelta.UB5","presence"
-0.566686705404729,-0.66149460569931,-0.542757103183501,0.52595319689968,-0.0260852996823848,0.743215311709839,-1.03607513951299,0.642769064791555,"nonveg_688","absence"
1.13761864774577,1.00832358977076,0.584796545542427,-0.775642741965131,0.196421324943101,-0.211860458307474,0.415801485199115,-0.781166598086171,"Canada.BonifaceRiver.LSA6","presence"
-0.859658812446669,-0.931112112725082,-0.489735394921392,0.626264030147236,-0.0779433496955033,0.940079270024805,-0.993575338123687,0.752508323012314,"nonveg_715","absence"
1.32431394103903,1.30771587053199,0.680923385879028,-1.02444545329918,0.26263864057981,-1.47076837718714,0.637452475529507,-1.09744881530986,"Russia.Yamal.VaskinyDachi-1","presence"
-1.12433068955856,-0.764797614576059,-1.03732799765739,0.462807178023243,0.144050113962124,-0.685858113204606,0.203425980322469,0.538953758554753,"nonveg_532","absence"
-0.871622241983724,-0.908851810153674,-0.916718306746304,0.23445427332467,0.00917712492711364,0.652101911817317,-0.631940666938556,0.323871547847138,"nonveg_941","absence"
-1.20683456524285,-1.21100571897469,-1.22387586843489,0.907892084459084,-9.64647343593217,0.516563640635605,-0.611738819299521,1.06060718705091,"nonveg_1477","absence"
-1.2466666441904,-0.877940613714591,-0.724473474473378,1.15839811196534,-0.023907544090972,-0.168845893504971,-0.837341272070294,0.510602290169627,"nonveg_623","absence"
0.727050672721239,0.621717024928933,0.28476873185708,-1.4314209680513,0.288003986517649,-0.274309862418334,0.657680598840417,-1.49858279091571,"Canada.ChukotkaRiver.TH1","presence"
0.69336646506158,0.683497140465818,0.835823665219174,-0.664807027472764,0.0509694531869352,-0.156325130110412,-0.612112696432147,-0.659913203024212,"USA.YukonKuskokwimDelta.15B5","presence"
-0.602952042694589,-0.682814025816056,-0.2765043690292,0.133640203659882,-0.0395642485834014,0.781568479925278,-0.727800880707054,0.213581752965993,"nonveg_612","absence"
-0.523092638592808,-0.644373915330599,-0.107337578241409,0.531300296919712,-0.0362110780110284,0.763989011640047,-0.782033129193478,0.608104303321093,"nonveg_867","absence"
-0.937861150674684,-1.02703407812736,-0.800807767182978,0.677480078547925,-0.0339325457250066,1.09801714327901,-0.909946351491035,0.82300041188778,"nonveg_572","absence"
1.08585326391643,1.22550787102429,1.0043675041092,-0.742663713602055,0.0824996428306206,-0.974316087608062,-0.576892435282976,-0.745087801886025,"USA.YukonKuskokwimDelta.UB7","presence"
